RowPointer,SiteID,OrderCode,SKUCode,BarCode,WhseNo,UnitID,Qty,QtyReturned,UnitPrice,StandardPrice,DiscItemPerc,DiscItemValue,IsPromotion,IsFreeitem,IsExchange,CreatedBy,CreatedDate,UpdatedBy,UpdatedDate,StatusSync,SyncDate,ItemCategory,ItemCategoryGroup,CreatedTimeDW,UpdatedTimeDW
00002735-0C4C-43B8-A22B-2849F614A982,G00104,G00104RE220100130,DB817_DO_XS,DB817_DO_XS,NULL,0,1,0,495000,495000,50,247500,0,0,1,NULL,2022-01-24 22:09:36.880,GMBH666,2022-01-24 22:09:36.880,NULL,NULL,,,2022-07-20 19:56:41,2022-07-20 19:56:41
00003078-F527-45F2-800E-EA5D58978941,G00093,G00093SA210900106,QJB749_DEN_S,QJB749_DEN_S,1000,1,1,0,520000,520000,0,182000,0,0,0,TN03,2021-09-15 13:45:17.190,NULL,NULL,0,NULL,33,33,2022-07-27 10:31:23,2022-07-27 10:31:23
000053FF-88BC-4B25-9A7D-35D0601C16B3,G00104,G00104SA211201281,AB773_NAU_XS,AB773_NAU_XS,1000,1,1,0,129000,285000,0,0,0,0,0,GMBH666,2021-12-26 17:41:36.833,NULL,NULL,0,NULL,1,1,2022-07-27 10:33:34,2022-07-27 10:33:34
00005A4A-DE31-4ACC-9901-448E87AB58EA,G00066,G00066SA220600472,ATC05007_VANG_S,ATC05007_VANG_S,1000,1,1,0,89000,260000,0,0,0,0,0,GMBH643,2022-06-30 17:12:22.460,NULL,NULL,0,NULL,13,13,2022-07-27 10:38:25,2022-07-27 10:38:25
00005DB4-6B5D-453D-9F22-E1234AAB444D,G00035,G00035SA221200045,VC08009_NAU_L,VC08009_NAU_L,1000,1,1,0,530000,530000,40,212000,0,0,0,GMBH756,2022-12-09 08:55:51.180,NULL,NULL,0,NULL,2,2,2022-12-09 09:06:17,2022-12-09 10:06:18
00006A78-D1B6-4125-9FB0-6AC1DB20461F,G00062,G00062SA220100845,VB11013_DEN_S,VB11013_DEN_S,1000,1,1,0,365000,365000,0,182500,0,0,0,GMBH119,2022-01-27 17:40:30.070,NULL,NULL,0,NULL,2,2,2022-07-20 19:56:17,2022-07-20 19:56:17
00006C9F-D557-44C8-B540-39EAE725616B,G00092,G00092SA220500088,QB754_DEN_S,QB754_DEN_S,1000,1,1,0,199000,350000,0,0,0,0,0,HL01,2022-05-08 13:33:04.567,NULL,NULL,0,NULL,10,10,2022-07-27 10:38:46,2022-07-27 10:38:46
0000A01F-D28C-49C2-88DC-44E77C9EDEBD,G00066,G00066SA220100695,TB12040_BE_FREE,TB12040_BE_FREE,1000,1,1,0,0,35000,0,0,1,0,0,GMBH643,2022-01-22 16:20:31.363,NULL,NULL,0,NULL,4,4,2022-07-20 19:56:18,2022-07-20 19:56:18
0000A63A-AC62-42EF-9953-1347835C53EF,G00065,G00065SA220500013,ATC04002_HONG_S,ATC04002_HONG_S,1000,1,1,0,19000,225000,0,0,1,0,0,GMBH391,2022-05-01 12:26:05.343,NULL,NULL,0,NULL,13,13,2022-07-27 10:38:22,2022-07-27 10:38:22
0000AFB6-94E2-4B67-94BF-CA7276B4979A,G00044,G00044SA220100077,VB598_NAU_XL,VB598_NAU_XL,1000,1,1,0,169000,495000,0,0,0,0,0,BN002,2022-01-07 19:26:53.560,NULL,NULL,0,NULL,2,2,2022-07-20 19:56:07,2022-07-20 19:56:07
0000D0DD-0775-41C8-A827-8A08F6115A83,G00003,G00003SA220200703,DB688_DO_L,DB688_DO_L,1000,1,2,0,450000,450000,0,540000,0,0,0,GMBH270,2022-02-28 20:04:13.710,NULL,NULL,0,NULL,7,7,2022-07-27 10:36:12,2022-07-27 10:36:12
0000D5E9-0B83-4B26-BE31-BD5E39092438,G00073,G00073SA220600181,ATC06056_TIM_M,ATC06056_TIM_M,1000,1,1,0,320000,320000,0,32000,0,0,0,GMBH261,2022-06-12 19:56:56.200,NULL,NULL,0,NULL,13,13,2022-07-27 10:38:39,2022-07-27 10:38:39
0000DB82-A8BF-464E-970B-E5595BC52CC0,G00073,G00073SA211200494,ATB12032_CAM_S,ATB12032_CAM_S,1000,1,1,0,129000,265000,0,0,0,0,0,GMBH261,2021-12-31 22:07:00.550,NULL,NULL,0,NULL,13,13,2022-07-27 10:33:27,2022-07-27 10:33:27
0000E850-70A9-44F1-B8E7-2FADAC979102,G00044,G00044SA220800329,ATNC08003_NAU_S,ATNC08003_NAU_S,1000,1,1,0,297000,399000,0,0,0,0,0,BN002,2022-08-14 15:08:32.160,NULL,NULL,0,NULL,13,13,2022-08-14 16:03:28,2022-08-17 23:03:15
0000EFFE-5C4A-46E3-8233-145766DDA39A,G00010,G00010SA211100010,AB5105_VANG_M,AB5105_VANG_M,1000,1,1,0,330000,330000,0,99000,0,0,0,GMBH695,2021-11-03 14:42:25.330,NULL,NULL,0,NULL,1,1,2022-07-27 10:32:55,2022-07-27 10:32:55
0000F722-9AE5-4ABE-BEBC-3EB31F915782,G00079,G00079SA211200108,AB11019_TRANG_XS,AB11019_TRANG_XS,1000,1,1,0,290000,290000,0,29000,0,0,0,GMBH201,2021-12-10 17:47:39.300,NULL,NULL,0,NULL,1,1,2022-07-27 10:33:27,2022-07-27 10:33:27
0001110C-18E6-4386-AEB5-A47A8119ACC0,G00062,G00062SA211200259,ATKB825_HONG_2,ATKB825_HONG_2,1000,1,1,0,49000,140000,0,0,0,0,0,GMBH119,2021-12-20 12:27:04.267,NULL,NULL,0,NULL,34,34,2022-07-27 10:33:17,2022-07-27 10:33:17
000122BC-4B6D-439E-B5D8-317F614A7D6E,G00070,G00070SA211000146,QB563_DEN_L,QB563_DEN_L,1000,1,1,0,350000,350000,0,105000,0,0,0,GMBH389,2021-10-17 15:03:30.463,NULL,NULL,0,NULL,10,10,2022-07-27 10:31:19,2022-07-27 10:31:19
000125FE-7F14-4ADB-A61B-A30D68BF57E0,G00067,G00067SA211100271,DB515_TRANG_M,DB515_TRANG_M,1000,1,1,0,520000,520000,0,260000,0,0,0,GMBH319,2021-11-28 12:40:53.467,NULL,NULL,0,NULL,7,7,2022-07-27 10:33:22,2022-07-27 10:33:22
00012984-E2A6-4E54-B967-CC0E337C34E1,G00072,G00072SA211100360,ATKB825_HONG_1,ATKB825_HONG_1,1000,1,1,0,140000,140000,0,56000,0,0,0,GMBH163,2021-11-21 12:32:12.887,NULL,NULL,0,NULL,34,34,2022-07-27 10:33:26,2022-07-27 10:33:26
00012F1F-A18E-40C5-AFAC-50EF508F27B8,G00066,G00066SA221000603,AC08116_CARO_M,AC08116_CARO_M,1000,1,1,0,595000,595000,0,297500,0,0,0,GMBH513,2022-10-31 21:04:00.087,NULL,NULL,0,NULL,14,14,2022-10-31 21:05:10,2022-11-03 23:23:15
00013522-2AFE-466F-9A74-FA39B560E643,G00085,G00085SA221200291,DC11098_XANH_L,DC11098_XANH_L,1000,1,1,0,526500,585000,0,0,0,0,0,GMBH288,2022-12-16 11:25:47.927,NULL,NULL,0,NULL,7,7,2022-12-16 11:46:13,2022-12-19 23:46:16
00015172-B41D-4721-BC61-2798FD5FFAE8,G00094,G00094SA210700019,AB3115_BE_L,AB3115_BE_L,1000,1,1,0,149000,295000,0,0,0,0,0,GMBH449,2021-07-03 19:23:54.200,NULL,NULL,0,NULL,1,1,2022-07-27 10:28:51,2022-07-27 10:28:51
00015A74-0FA3-408A-A979-3D49FD7F9A40,G00066,G00066SA211000318,DB419_GACH_XS,DB419_GACH_XS,1000,1,1,0,495000,495000,0,0,0,0,0,GMBH513,2021-10-24 16:38:26.990,NULL,NULL,0,NULL,7,7,2022-07-27 10:31:20,2022-07-27 10:31:20
00016E9A-A82F-45F6-9CF6-51BD9FC450D4,G00031,G00031SA220200151,QB563_DEN_XL,QB563_DEN_XL,1000,1,1,0,350000,350000,0,105000,0,0,0,TDM01,2022-02-16 10:08:52.320,NULL,NULL,0,NULL,10,10,2022-07-27 10:36:18,2022-07-27 10:36:18
00016EDB-5DD8-4E9A-AAE0-A662DF27C55A,G00087,G00087SA220300316,DC03032_DO_M,DC03032_DO_M,1000,1,1,0,480000,480000,0,96000,0,0,0,GMBH209,2022-03-20 09:05:26.903,NULL,NULL,0,NULL,7,7,2022-07-27 10:36:48,2022-07-27 10:36:48
00016F07-39B8-4171-A13C-EDA32FC0C978,G00061,G00061SA220600029,VC04035_DEN_L,VC04035_DEN_L,1000,1,1,0,435000,435000,0,87000,0,0,0,GMBH384,2022-06-04 20:35:28.360,NULL,NULL,0,NULL,2,2,2022-07-27 10:38:18,2022-07-27 10:38:18
0001706C-B292-45AD-82B6-8A7EBB804F2B,G00053,G00053SA220500474,ATC05030_TRANG_S,ATC05030_TRANG_S,1000,1,1,0,0,215000,0,0,1,0,0,GMBH414,2022-05-22 13:21:09.630,NULL,NULL,0,NULL,13,13,2022-07-27 10:38:15,2022-07-27 10:38:15
00018F67-AFCB-4175-95A7-BBB15427E27E,G00104,G00104SA220600533,ATNC05072_BE_S,ATNC05072_BE_S,1000,1,1,0,179000,275000,0,0,0,0,0,GMBH244,2022-06-19 14:50:00.493,NULL,NULL,0,NULL,13,13,2022-07-27 10:38:54,2022-07-27 10:38:54
00019034-1C6A-47A7-BA86-B35921B7E489,G00047,G00047SA220500331,ATC05001_DEN_S,ATC05001_DEN_S,1000,1,1,0,129000,240000,0,0,0,0,0,GMBH794,2022-05-18 21:21:54.353,NULL,NULL,0,NULL,13,13,2022-07-27 10:38:04,2022-07-27 10:38:04
0001963A-2181-408E-BF9A-BF77AD22A098,G00071,G00071SA220300203,ATNC01007_XDEN_S,ATNC01007_XDEN_S,1000,1,1,0,399000,399000,0,79800,0,0,0,GMBH127,2022-03-20 14:54:40.220,NULL,NULL,0,NULL,13,13,2022-07-27 10:36:38,2022-07-27 10:36:38
00019895-39E5-4783-8D7B-68752624E7DA,G00044,G00044SA211000190,ATNB619_TRANG_XL,ATNB619_TRANG_XL,1000,1,1,0,149000,250000,0,0,0,0,0,BN002,2021-10-10 13:09:15.370,NULL,NULL,0,NULL,35,35,2022-07-27 10:31:14,2022-07-27 10:31:14
0001B2DE-9D7D-41E1-A35D-D34AC342859C,G00094,G00094SA220900221,QC06071_CARO_XL,QC06071_CARO_XL,1000,1,1,0,0,480000,0,0,1,0,0,GMBH786,2022-09-18 21:02:02.200,NULL,NULL,0,NULL,10,10,2022-09-18 21:03:16,2022-09-21 23:23:16
0001BD31-6A66-47EB-8A3E-8391CDE5018B,G00087,G00087SA220700501,AC08051_XANH_XS,AC08051_XANH_XS,1000,1,1,0,375000,375000,0,0,0,0,0,GMBH439,2022-07-28 18:37:01.747,NULL,NULL,0,NULL,1,1,2022-07-30 11:20:36,2022-07-31 23:33:16
0001C2D3-7CE4-4103-A353-71BB3C836636,G00026,G00026SA220100390,QC01011_DEN_S,QC01011_DEN_S,1000,1,1,0,365000,365000,0,73000,0,0,0,BG003,2022-01-26 11:11:15.457,NULL,NULL,0,NULL,10,10,2022-07-20 19:55:58,2022-07-20 19:55:58
0001CAA5-3047-4A48-9FBE-6A159E33C8CA,G00073,G00073SA220700376,ATC07036_TRANG_L,ATC07036_TRANG_L,1000,1,1,0,0,250000,0,0,1,0,0,GMBH531,2022-07-22 16:10:29.820,NULL,NULL,0,NULL,13,13,2022-07-27 10:38:32,2022-07-27 10:38:32
0001D302-72BB-4B17-BCEC-1986994D550B,G00072,G00072SA220300329,QC03040_XAM_L,QC03040_XAM_L,1000,1,1,0,395000,395000,0,79000,0,0,0,GMBH163,2022-03-23 11:46:40.283,NULL,NULL,0,NULL,10,10,2022-07-27 10:36:42,2022-07-27 10:36:42
0001E8FA-97AC-4648-BD96-1B192CF1373F,G00048,G00048SA221100283,ATC09050_NAU_M,ATC09050_NAU_M,1000,1,1,0,0,295000,0,0,1,0,0,GMBH219,2022-11-18 17:30:27.610,NULL,NULL,0,NULL,59,59,2022-11-18 17:46:15,2022-11-21 23:46:16
0001FB2A-322A-411D-AEE0-EB4117FC46BB,G00067,G00067SA220400473,ATC04025_VANG_M,ATC04025_VANG_M,1000,1,1,0,129000,220000,0,0,0,0,0,GMBH319,2022-04-28 20:56:21.813,NULL,NULL,0,NULL,13,13,2022-07-27 10:36:36,2022-07-27 10:36:36
000207D7-BCE4-4DE5-933F-10FDFA76669E,G00041,G00041RE220300004,AB885_DEN_XL,AB885_DEN_XL,NULL,0,1,0,169000,350000,0,0,0,0,0,NULL,2022-03-03 11:32:10.357,GMBH582,2022-03-03 11:32:10.357,NULL,NULL,,,2022-07-27 10:36:20,2022-07-27 10:36:20
00020942-986D-468A-AC8F-E0B0441059EE,G00006,G00006SA220600443,AC06052_XANH_S,AC06052_XANH_S,1000,1,1,0,375000,375000,0,0,0,0,0,GMBH332,2022-06-16 20:07:35.330,NULL,NULL,0,NULL,1,1,2022-07-27 10:37:35,2022-07-27 10:37:35
00020C52-E283-4E04-865F-5561B2BA38F8,G00063,G00063SA220500043,DC01047_TRANG_L,DC01047_TRANG_L,1000,1,1,0,530000,530000,0,265000,0,0,0,GMBH179,2022-05-02 10:59:16.707,NULL,NULL,0,NULL,24,24,2022-07-27 10:38:22,2022-07-27 10:38:22
00020F9E-CA75-488B-BD27-CF9290A1A7FE,G00003,G00003SA221000636,LA0825_XDEN_XL,LA0825_XDEN_XL,1000,1,1,0,175000,350000,0,0,0,0,0,GMBH270,2022-10-15 22:01:40.530,NULL,NULL,0,NULL,1,1,2022-10-15 22:03:28,2022-10-18 23:23:28
00021256-A295-414F-B100-3659CA9863FD,G00040,G00040SA210600035,DB311_DEN_XL,DB311_DEN_XL,1000,1,1,0,480000,480000,0,240000,0,0,0,GMBH147,2021-06-07 20:15:41.937,NULL,NULL,0,NULL,7,7,2022-07-27 10:28:43,2022-07-27 10:28:43
000219A6-D0A1-4CD4-A1CE-6CDD391AD817,G00079,G00079SA220700104,TC06053_BE_FREE,TC06053_BE_FREE,1000,1,1,0,0,35000,0,0,1,0,0,GMBH475,2022-07-06 17:57:59.520,NULL,NULL,0,NULL,4,4,2022-07-27 10:38:33,2022-07-27 10:38:33
00022408-AB9E-4B32-A4AA-7FC5EE74D715,G00033,G00033SA220300031,AB829_VANG_M,AB829_VANG_M,1000,1,1,0,169000,275000,0,0,0,0,0,DX01,2022-03-04 14:18:33.263,NULL,NULL,0,NULL,1,1,2022-07-27 10:36:20,2022-07-27 10:36:20
000252A2-660F-42FE-B1BB-1E4387EDBCD0,G00065,G00065SA221100495,AC06039_DEN_L,AC06039_DEN_L,1000,1,1,0,199000,350000,0,0,0,0,0,GMBH391,2022-11-15 20:10:24.600,NULL,NULL,0,NULL,1,1,2022-11-15 20:46:13,2022-11-18 22:46:17
00025479-3759-49C4-A6B9-8926E19AB8CF,G00003,G00003SA220800995,VC07054_XDEN_M,VC07054_XDEN_M,1000,1,1,0,395000,395000,0,197500,0,0,0,GMBH270,2022-08-22 11:02:28.790,NULL,NULL,0,NULL,2,2,2022-08-22 17:23:11,2022-08-25 23:23:22
0002551B-81C9-45A3-B197-07703278040C,G00071,G00071SA220800075,AC07060_TRANG_S,AC07060_TRANG_S,1000,1,1,0,277000,395000,0,0,0,0,0,GMBH127,2022-08-05 09:33:30.547,NULL,NULL,0,NULL,1,1,2022-08-05 14:03:12,2022-08-08 23:03:14
000256B7-7CB0-404D-B6D4-520859686C9D,G00085,G00085SA220800538,VC08124_DO_L,VC08124_DO_L,1000,1,1,0,375000,375000,0,75000,0,0,0,GMBH285,2022-08-18 19:09:07.340,NULL,NULL,0,NULL,2,2,2022-08-19 10:50:49,2022-08-21 16:03:28
00028BF1-DD78-4E6D-8751-69B7847C4548,G00019,G00019SA220300341,AA819_TRANG_XL,AA819_TRANG_XL,1000,1,1,0,159000,320000,0,0,0,0,0,GMBH600,2022-03-06 17:21:56.917,NULL,NULL,0,NULL,1,1,2022-07-27 10:36:19,2022-07-27 10:36:19
0002AAEB-9794-479B-B4C0-56CF80DEAEF6,G00067,G00067SA210900106,ATB601_VANG_L,ATB601_VANG_L,1000,1,1,0,99000,210000,0,0,0,0,0,GMBH319,2021-09-25 15:59:38.150,NULL,NULL,0,NULL,13,13,2022-07-27 10:31:17,2022-07-27 10:31:17
0002BCCE-CBAB-4727-8069-E8B80530F892,G00099,G00099SA220800160,DC03027_KEM_FREE,DC03027_KEM_FREE,1000,1,1,0,217000,675000,0,0,0,0,0,GMBH005,2022-08-06 19:56:21.277,NULL,NULL,0,NULL,24,24,2022-08-06 20:03:18,2022-08-09 23:03:17
0002C9F9-9E5E-4FF5-905D-059B4E857D05,G00006,G00006SA211000155,KH01,KH01,1000,1,1,0,1000,1000,0,0,0,0,0,GMBH197,2021-10-12 17:18:48.560,NULL,NULL,0,NULL,16,16,2022-07-27 10:31:00,2022-07-27 10:31:00
0002D483-F495-4444-9B32-A286E8D712D7,G00065,G00065SA221000618,VC06037_DEN_L,VC06037_DEN_L,1000,1,2,0,199000,295000,0,0,0,0,0,GMBH391,2022-10-20 12:13:57.557,NULL,NULL,0,NULL,2,2,2022-10-20 12:25:35,2022-10-23 23:24:43
0002DAAD-664B-4406-839A-52C9DD980115,G00079,G00079SA220101250,DB751_VANG_L,DB751_VANG_L,1000,1,1,0,169000,450000,0,0,0,0,0,GMBH201,2022-01-26 10:58:52.757,NULL,NULL,0,NULL,7,7,2022-07-20 19:56:33,2022-07-20 19:56:33
0002F873-37E2-499B-ADD6-8BF01201E6F4,G00085,G00085SA220300251,VB11014_DEN_S,VB11014_DEN_S,1000,1,1,0,295000,295000,0,88500,0,0,0,GMBH285,2022-03-13 19:18:06.953,NULL,NULL,0,NULL,2,2,2022-07-27 10:36:46,2022-07-27 10:36:46
0002FA5F-8F06-4707-9A98-48AA3A4077E2,G00045,G00045SA220700188,VC07024_DEN_L,VC07024_DEN_L,1000,1,1,0,299000,310000,0,0,0,0,0,GMBH468,2022-07-12 17:05:32.843,NULL,NULL,0,NULL,2,2,2022-07-27 10:38:04,2022-07-27 10:38:04
0002FF0C-5668-4A98-9A6F-B0A2B42691AA,G00071,G00071SA221100164,VC08074_DEN_M,VC08074_DEN_M,1000,1,1,0,299000,310000,0,0,0,0,0,GMBH924,2022-11-12 10:37:03.300,NULL,NULL,0,NULL,2,2,2022-11-12 11:03:18,2022-11-15 23:46:13
000317D3-B272-4BBF-B713-9FB4F4B14772,G00092,G00092SA211100152,AB366_XANH_L,AB366_XANH_L,1000,1,1,0,285000,285000,0,0,0,0,0,HL01,2021-11-28 16:32:36.187,NULL,NULL,0,NULL,47,47,2022-07-27 10:33:29,2022-07-27 10:33:29
00032CCD-0283-4844-B5F9-1FCA3E699350,G00019,G00019SA221200820,DC12057_BE_M,DC12057_BE_M,1000,1,1,0,575000,575000,20,115000,0,0,0,GMBH600,2022-12-15 10:45:44.820,NULL,NULL,0,NULL,7,7,2022-12-15 10:46:17,2022-12-15 10:46:17
000336F4-8AE6-47B7-8512-ED3EC4697D87,G00083,G00083SA220800592,AC05067_DO_XS,AC05067_DO_XS,1000,1,1,0,365000,365000,0,182500,0,0,0,GMBH069,2022-08-26 19:07:03.593,NULL,NULL,0,NULL,1,1,2022-08-26 19:23:17,2022-08-29 23:23:25
000339C8-A7F5-408E-A397-A8C668E36209,G00104,G00104SA220500693,ATC05002_DEN_S,ATC05002_DEN_S,1000,1,3,0,0,195000,0,0,1,0,0,GMBH633,2022-05-20 16:03:31.147,NULL,NULL,0,NULL,13,13,2022-07-27 10:38:54,2022-07-27 10:38:54
00034F3F-C3E1-4332-9567-1332D2F6BDA5,G00108,G00108SA220600706,ATC06013_TRANG_M,ATC06013_TRANG_M,5000,1,1,0,450000,450000,0,90000,0,0,0,GMBH719,2022-06-30 19:18:47.377,NULL,NULL,0,NULL,13,13,2022-07-27 10:39:00,2022-07-27 10:39:00
0003523D-493B-4AF9-ADDF-43907246155D,G00003,G00003SA220101480,VB629_XANH_M,VB629_XANH_M,1000,1,1,0,310000,310000,0,155000,0,0,0,GMBH270,2022-01-22 18:15:19.337,NULL,NULL,0,NULL,2,2,2022-07-20 19:55:53,2022-07-20 19:55:53
00036013-551D-42BD-9434-2C11DB7D8A40,G00065,G00065SA221001118,AC09002_DEN_XL,AC09002_DEN_XL,1000,1,1,0,650000,650000,0,325000,0,0,0,GMBH391,2022-10-31 21:32:20.430,NULL,NULL,0,NULL,14,14,2022-10-31 23:09:48,2022-11-03 23:23:15
00036233-7BBD-40A4-880F-53B291D4ED12,G00104,G00104SA211101153,ATA1011_XANH_L,ATA1011_XANH_L,1000,1,1,0,89000,210000,0,0,0,0,0,GMBH666,2021-11-27 21:56:34.883,NULL,NULL,0,NULL,13,13,2022-07-27 10:33:31,2022-07-27 10:33:31
00036A3D-CF28-42E0-9B03-2F0CA38F007A,G00083,G00083SA220900077,LQ0710_DEN_M,LQ0710_DEN_M,1000,1,1,0,480000,480000,0,96000,0,0,0,GMBH605,2022-09-04 10:41:45.240,NULL,NULL,0,NULL,10,10,2022-09-04 11:03:18,2022-09-07 23:23:30
000372A5-9D02-41A4-A961-9D0EC898972C,G00013,G00013SA220500300,ATC05001_TRANG_M,ATC05001_TRANG_M,1000,1,1,0,129000,240000,0,0,0,0,0,GMBH367,2022-05-18 10:24:42.977,NULL,NULL,0,NULL,13,13,2022-07-27 10:37:33,2022-07-27 10:37:33
00037D99-DD27-432B-A7FA-0A03133CF201,G00055,G00055SA211200576,QA9119_NAU_L,QA9119_NAU_L,1000,1,1,0,350000,350000,0,175000,0,0,0,GMBH083,2021-12-19 18:26:05.840,NULL,NULL,0,NULL,10,10,2022-07-27 10:33:17,2022-07-27 10:33:17
00039199-5019-41F4-8039-66D10148B6AB,G00073,G00073SA210600193,ATNB396_XAM_S,ATNB396_XAM_S,1000,1,1,0,396000,396000,0,0,0,0,0,GMBH261,2021-06-30 13:09:02.117,NULL,NULL,0,NULL,35,35,2022-07-27 10:28:49,2022-07-27 10:28:49
0003A05B-0F67-4CDE-B742-FBA5D8B11B5A,G00019,G00019SA220104167,DB5123_DEN_XS,DB5123_DEN_XS,1000,1,1,0,590000,590000,0,295000,0,0,0,GMBH600,2022-01-28 21:43:15.457,NULL,NULL,0,NULL,7,7,2022-07-20 19:56:04,2022-07-20 19:56:04
0003B410-CCC5-40F1-8403-4359668FB06B,G00071,G00071SA220100722,DB331_TRANG_M,DB331_TRANG_M,1000,1,1,0,169000,520000,0,0,0,0,0,GMBH127,2022-01-23 15:40:34.520,NULL,NULL,0,NULL,7,7,2022-07-20 19:56:28,2022-07-20 19:56:28
0003E7E5-6C23-4E0C-899D-9E7E442A2CE1,G00063,G00063RE211000101,DB758_TRANG_M,DB758_TRANG_M,NULL,0,1,0,550000,550000,50,275000,0,0,1,NULL,2021-10-27 18:33:43.090,GMBH179,2021-10-27 18:33:43.090,NULL,NULL,,,2022-07-27 10:31:14,2022-07-27 10:31:14
00040B50-A177-4035-96D2-36AD5A78DE07,G00082,G00082SA221001098,QC08111_DEN_L,QC08111_DEN_L,1000,1,1,0,329000,450000,0,0,0,0,0,GM441,2022-10-22 20:21:20.043,NULL,NULL,0,NULL,10,10,2022-10-22 20:23:27,2022-10-25 23:03:38
00042849-F9B7-449F-BAEA-612381D536D7,GUMAC,GUMACSA221200061,DC11081_DEN_XS,DC11081_DEN_XS,1000,1,1,0,495000,495000,5,24750,0,0,0,GM046,2022-12-15 11:16:19.520,NULL,NULL,0,NULL,7,7,2022-12-15 11:46:18,2022-12-18 23:08:22
00042C97-E530-4A9C-81B8-843EE90E914E,G00044,G00044SA220800353,ATKC08089_VANG_4,ATKC08089_VANG_4,1000,1,1,0,147000,230000,0,0,0,0,0,BN002,2022-08-14 18:05:39.400,NULL,NULL,0,NULL,13,13,2022-08-14 19:03:14,2022-08-17 23:03:15
00043C12-1EFB-48E0-89FA-25CD548D452A,G00019,G00019SA220401434,QC03004_DEN_L,QC03004_DEN_L,1000,1,1,0,275000,275000,0,55000,0,0,0,GMBH600,2022-04-27 19:23:50.060,NULL,NULL,0,NULL,25,25,2022-07-27 10:36:20,2022-07-27 10:36:20
00043F27-709E-447E-9E06-83B3CF3C6304,G00092,G00092SA210800197,DB747_HONG_S,DB747_HONG_S,1000,1,1,0,520000,520000,0,260000,0,0,0,HL01,2021-08-19 11:15:26.767,NULL,NULL,0,NULL,27,27,2022-07-27 10:31:22,2022-07-27 10:31:22
00044179-DCC4-4D9F-A332-24D466BF59AF,G00006,G00006RE221200023,DC10026_XANH_XL,DC10026_XANH_XL,NULL,0,1,0,550000,550000,20,110000,0,0,1,NULL,2022-12-12 17:51:45.263,GMBH883,2022-12-12 17:51:45.263,NULL,NULL,,,2022-12-12 18:12:05,2022-12-15 23:46:17
000447E9-A8F9-46B2-B1D0-D2CE3519BEC8,G00061,G00061SA221100270,VC10088_HONG_L,VC10088_HONG_L,1000,1,1,0,295000,295000,0,29500,0,0,0,GMBH788,2022-11-19 20:06:47.717,NULL,NULL,0,NULL,2,2,2022-11-19 20:46:16,2022-11-22 22:46:16
000450B8-1CBE-45BA-AEF7-C8CC21F20C7D,G00026,G00026RE220400034,VB857_TRANG_M,VB857_TRANG_M,NULL,0,1,0,275000,275000,60,165000,0,0,0,NULL,2022-04-30 14:39:54.500,BG003,2022-04-30 14:39:54.500,NULL,NULL,,,2022-07-27 10:36:17,2022-07-27 10:36:17
0004617F-F9E3-404F-8983-F0FD55C0A77C,G00070,G00070SA220800647,QC07009_DEN_M,QC07009_DEN_M,1000,1,1,0,297000,450000,0,0,0,0,0,GMBH808,2022-08-17 15:31:02.020,NULL,NULL,0,NULL,10,10,2022-08-17 16:03:24,2022-08-20 23:03:30
00047306-08D5-42E2-A04E-E4A84789CB77,G00047,G00047SA220800743,ATC06018_TRANG_S,ATC06018_TRANG_S,1000,1,1,0,270000,270000,0,135000,0,0,0,GMBH871,2022-08-20 15:51:23.623,NULL,NULL,0,NULL,13,13,2022-08-20 16:03:16,2022-08-23 23:23:24
00049715-AE7D-4320-AD2B-08FD38A4FAA9,G00071,G00071SA220800383,ATC04002_DEN_L,ATC04002_DEN_L,1000,1,1,0,77000,225000,0,0,0,0,0,GMBH127,2022-08-13 11:48:01.823,NULL,NULL,0,NULL,13,13,2022-08-13 12:03:16,2022-08-13 12:03:16
00049964-A894-4075-8610-681147542C05,G00073,G00073SA220800037,DC06010_XDEN_XL,DC06010_XDEN_XL,1000,1,1,0,347000,495000,0,0,0,0,0,GMBH264,2022-08-04 16:54:43.153,NULL,NULL,0,NULL,7,7,2022-08-04 17:03:17,2022-08-07 23:03:17
00049F7E-7CF7-4997-9411-6907C275E1E1,G00030,G00030SA220700115,ATC05031_DEN_L,ATC05031_DEN_L,1000,1,1,0,129000,195000,0,0,0,0,0,BIH04,2022-07-10 20:12:56.080,NULL,NULL,0,NULL,13,13,2022-07-27 10:37:49,2022-07-27 10:37:49
0004A2C7-087F-44DE-A01D-DC1E19E6AA64,G00049,G00049SA221000325,DC07050_VANG_S,DC07050_VANG_S,1000,1,1,0,575000,575000,0,287500,0,0,0,GMBH869,2022-10-26 12:58:30.173,NULL,NULL,0,NULL,7,7,2022-10-26 13:23:36,2022-10-29 23:23:49
0004ACBC-53FB-49C0-8877-379C064396F3,G00094,G00094SA220800175,AC07025_BE_XS,AC07025_BE_XS,1000,1,1,0,277000,450000,0,0,0,0,0,GMBH786,2022-08-10 10:49:02.103,NULL,NULL,0,NULL,1,1,2022-08-10 11:03:21,2022-08-13 23:03:32
0004BD61-3657-454E-ABEB-AAE02816D550,G00083,G00083SA210600180,DB381_XANH_M,DB381_XANH_M,1000,1,1,0,159000,520000,0,0,0,0,0,GMBH068,2021-06-20 11:27:30.483,NULL,NULL,0,NULL,7,7,2022-07-27 10:28:49,2022-07-27 10:28:49
0004D549-5D1A-4DA8-9A14-DEC121A4CFE8,G00044,G00044RE221100003,ATNC08087_TRANG_M,ATNC08087_TRANG_M,NULL,0,1,0,129000,330000,0,0,0,0,1,NULL,2022-11-07 20:38:17.790,BN002,2022-11-07 20:38:17.790,NULL,NULL,,,2022-11-07 21:03:44,2022-11-10 23:23:16
0004E8F6-77B1-4ECA-BC43-F6CB50810697,G00019,G00019SA220601600,DCM,DCM,1000,1,1,0,129000,129000,0,0,0,0,0,GMBH600,2022-06-25 17:24:31.163,NULL,NULL,0,NULL,7,7,2022-07-27 10:37:41,2022-07-27 10:37:41
0005109A-39CD-4C8F-AB3A-8FED60629347,G00092,G00092SA220500378,QJB793_DEN_XS,QJB793_DEN_XS,1000,1,1,0,350000,350000,0,175000,0,0,0,HL01,2022-05-26 12:14:57.580,NULL,NULL,0,NULL,25,25,2022-07-27 10:38:47,2022-07-27 10:38:47
000513D3-8347-4534-83FE-DDB2492F05AE,G00082,G00082SA211100894,ATNB619_XANH_L,ATNB619_XANH_L,1000,1,1,0,250000,250000,0,100000,0,0,0,GMBH099,2021-11-26 18:59:10.253,NULL,NULL,0,NULL,35,35,2022-07-27 10:33:27,2022-07-27 10:33:27
00051705-4939-4D85-9739-18B1BF8213EA,G00087,G00087SA220700197,ATC05025_BE_L,ATC05025_BE_L,1000,1,1,0,0,265000,0,0,1,0,0,"GMBH716 ",2022-07-10 18:11:21.793,NULL,NULL,0,NULL,13,13,2022-07-27 10:38:46,2022-07-27 10:38:46
00051F1C-3E70-4418-8B05-F199A4BB7EB9,G00069,G00069SA220800295,ATC08028_TRANG_M,ATC08028_TRANG_M,1000,1,1,0,435000,435000,0,0,0,0,0,GMBH523,2022-08-08 18:10:01.077,NULL,NULL,0,NULL,13,13,2022-08-08 19:03:17,2022-08-11 23:03:12
0005270E-C047-45C9-94FC-F3B3A1104422,G00041,G00041SA221100167,AC08071_HONG_M,AC08071_HONG_M,1000,1,1,0,199000,440000,0,0,0,0,0,GMBH800,2022-11-11 09:40:04.233,NULL,NULL,0,NULL,1,1,2022-11-11 10:03:17,2022-11-14 23:46:15
00053427-FDF5-4473-8112-78CD36EB9BF5,G00067,G00067SA211200182,ATB12032_TRANG_L,ATB12032_TRANG_L,1000,1,2,0,265000,265000,0,53000,0,0,0,GMBH319,2021-12-12 15:34:57.370,NULL,NULL,0,NULL,13,13,2022-07-27 10:33:24,2022-07-27 10:33:24
00054603-831B-42CE-9E96-24A6B4BD7400,G00082,G00082RE220600014,ATC06020_DEN_S,ATC06020_DEN_S,NULL,0,1,0,230000,230000,0,0,0,0,0,NULL,2022-06-14 17:29:17.323,GMBH099,2022-06-14 17:29:17.323,NULL,NULL,,,2022-07-27 10:38:34,2022-07-27 10:38:34
000552CE-D6E3-40D1-A501-35715959C9EA,G00049,G00049SA220800425,QC06035_XANH_S,QC06035_XANH_S,1000,1,1,0,217000,420000,0,0,0,0,0,GMBH834,2022-08-18 11:43:11.530,NULL,NULL,0,NULL,10,10,2022-08-18 12:03:22,2022-08-21 16:03:24
00055360-4535-488C-BFEC-355DCB9D7939,G00058,G00058SA211000052,QJB681_XANH_L,QJB681_XANH_L,1000,1,1,0,580000,580000,0,174000,0,0,0,GMBH724,2021-10-08 14:24:46.240,NULL,NULL,0,NULL,33,33,2022-07-27 10:31:15,2022-07-27 10:31:15
00055BBB-1964-41CD-B689-8301316F69FA,G00049,G00049SA221200207,QC09047_DEN_M,QC09047_DEN_M,1000,1,1,0,450000,450000,0,90000,0,0,0,GMBH372,2022-12-16 18:53:59.133,NULL,NULL,0,NULL,10,10,2022-12-16 19:06:35,2022-12-19 23:46:16
00056C4D-ABB6-412B-959B-0F9EB9F4B028,G00104,G00104SA220300932,AB146_CAM_XL,AB146_CAM_XL,1000,1,1,0,159000,320000,0,0,0,0,0,GMBH666,2022-03-30 12:14:48.447,NULL,NULL,0,NULL,1,1,2022-07-27 10:36:52,2022-07-27 10:36:52
00057AE5-1578-4F9E-91BB-9926409FD13B,G00047,G00047SA220700227,ATC06022_TRANG_S,ATC06022_TRANG_S,1000,1,1,0,9000,250000,0,0,1,0,0,GMBH779,2022-07-10 16:33:58.490,NULL,NULL,0,NULL,13,13,2022-07-27 10:38:05,2022-07-27 10:38:05
00057E9D-3458-45E9-9BC4-F20F0568B1C1,G00087,G00087SA211100115,VB5130_TRANG_XS,VB5130_TRANG_XS,1000,1,1,0,295000,295000,0,0,0,0,0,GMBH209,2021-11-14 16:26:08.933,NULL,NULL,0,NULL,2,2,2022-07-27 10:33:28,2022-07-27 10:33:28
00057FFC-6212-4B57-87D6-FB16CE453958,G00094,G00094SA210900036,ATNB669_XAM_S,ATNB669_XAM_S,1000,1,1,0,149000,265000,0,0,0,0,0,GMBH215,2021-09-14 17:12:58.010,NULL,NULL,0,NULL,35,35,2022-07-27 10:31:24,2022-07-27 10:31:24
0005879B-5CFB-4B13-84D9-4433E94D0292,G00040,G00040SA220600439,ATC05007_VANG_S,ATC05007_VANG_S,1000,1,1,0,89000,260000,0,0,0,0,0,GMBH642,2022-06-22 16:55:02.797,NULL,NULL,0,NULL,13,13,2022-07-27 10:38:01,2022-07-27 10:38:01
000593E5-BFB4-4053-A424-684A2A542E8C,G00058,G00058SA220900234,VC08124_DO_M,VC08124_DO_M,1000,1,1,0,249000,375000,0,0,0,0,0,GMBH655,2022-09-22 18:40:37.400,NULL,NULL,0,NULL,2,2,2022-09-22 19:03:21,2022-09-25 23:23:23
0005A6BF-FCD6-48AB-A224-E70C2E3AEC74,G00040,G00040SA211200378,DB889_CAM_M,DB889_CAM_M,1000,1,1,0,249000,480000,0,0,0,0,0,GMBH147,2021-12-22 16:02:38.620,NULL,NULL,0,NULL,22,22,2022-07-27 10:33:10,2022-07-27 10:33:10
0005CE90-FE6B-4176-9356-9DFD8BE6D74D,G00015,G00015SA221000117,ATNC09074_DEN_M,ATNC09074_DEN_M,1000,1,2,0,199000,395000,0,0,0,0,0,GMBH278,2022-10-10 11:35:24.570,NULL,NULL,0,NULL,13,13,2022-10-10 12:03:23,2022-10-13 23:03:27
0005CFEF-D84E-4BBB-A4DB-8BCFF9C31BA7,G00019,G00019SA220501213,ATC05008_DEN_M,ATC05008_DEN_M,1000,1,1,0,0,260000,0,0,1,0,0,GMBH600,2022-05-22 12:30:12.177,NULL,NULL,0,NULL,13,13,2022-07-27 10:37:39,2022-07-27 10:37:39
0005DD1C-A9B7-42AF-ABD0-6CB69A4B8FDC,G00055,G00055SA210600122,QB663_DEN_L,QB663_DEN_L,1000,1,1,0,385000,385000,0,38500,0,0,0,GMBH083,2021-06-22 19:44:49.360,NULL,NULL,0,NULL,,,2022-07-27 10:28:44,2022-07-27 10:28:44
0005EC0A-4D70-45B3-98F3-07F74853892E,G00079,G00079SA211200229,DB668_DO_M,DB668_DO_M,1000,1,1,0,495000,495000,0,247500,0,0,0,GMBH201,2021-12-14 21:31:07.210,NULL,NULL,0,NULL,24,24,2022-07-27 10:33:27,2022-07-27 10:33:27
0005ECE8-A473-4E95-B57A-041617C43D65,G00035,G00035SA221100161,DC08030_XDEN_S,DC08030_XDEN_S,1000,1,1,0,249000,550000,0,0,0,0,0,GMBH756,2022-11-13 17:23:03.593,NULL,NULL,0,NULL,7,7,2022-11-13 17:24:20,2022-11-13 17:24:20
00060733-4D8F-4867-BACF-8D8EC8233B2D,G00049,G00049SA221200185,AC09019_CAM_S,AC09019_CAM_S,1000,1,1,0,395000,395000,0,79000,0,0,0,GMBH575,2022-12-15 16:24:31.980,NULL,NULL,0,NULL,1,1,2022-12-15 16:46:12,2022-12-18 23:08:19
00060B97-E4F9-4466-9DBF-5084FE3E0C69,G00019,G00019SA221103162,AC11085_HONG_L,AC11085_HONG_L,1000,1,1,0,395000,395000,0,39500,0,0,0,GMBH600,2022-11-28 14:05:33.907,NULL,NULL,0,NULL,1,1,2022-11-28 14:06:17,2022-12-01 13:06:26
0006212A-BA37-4008-BDF7-1CEE8B08125D,G00063,G00063SA211100841,AMB627_XANH_S,AMB627_XANH_S,1000,1,1,0,129000,290000,0,0,0,0,0,GMBH179,2021-11-28 16:29:55.663,NULL,NULL,0,NULL,13,13,2022-07-27 10:33:20,2022-07-27 10:33:20
00062B12-7860-4FE9-B5B5-79CB59D3715C,G00094,G00094SA220600064,QJC05063_XANH_S,QJC05063_XANH_S,1000,1,1,0,530000,530000,0,106000,0,0,0,GMBH215,2022-06-08 11:15:07.440,NULL,NULL,0,NULL,33,33,2022-07-27 10:38:47,2022-07-27 10:38:47
00062F87-1EAF-427E-8CF6-844FA32C1188,G00082,G00082SA220500355,ATC01035_HONG_L,ATC01035_HONG_L,1000,1,1,0,129000,265000,0,0,0,0,0,GMBH099,2022-05-06 20:03:13.410,NULL,NULL,0,NULL,13,13,2022-07-27 10:38:37,2022-07-27 10:38:37
00063F13-4465-46FC-9153-4026EB744F38,G00069,G00069SA210600231,AB592_TRANG_S,AB592_TRANG_S,1000,1,1,0,269000,330000,0,0,0,0,0,GMBH627,2021-06-20 16:28:34.810,NULL,NULL,0,NULL,0,,2022-07-27 10:28:49,2022-07-27 10:28:49
000642AB-AAB9-4AA9-8107-677054442EDA,G00003,G00003SA220300592,AB3123_KEM_S,AB3123_KEM_S,1000,1,1,0,129000,275000,0,0,0,0,0,GMBH270,2022-03-19 15:31:00.300,NULL,NULL,0,NULL,47,47,2022-07-27 10:36:14,2022-07-27 10:36:14
00064B42-3544-4BB9-BFDF-478C2E4D3332,G00045,G00045SA220500094,AC03067_BE_M,AC03067_BE_M,1000,1,1,0,425000,425000,0,42500,0,0,0,GMBH468,2022-05-07 12:34:53.573,NULL,NULL,0,NULL,1,1,2022-07-27 10:38:01,2022-07-27 10:38:01
00064DA3-1F99-442D-B1DC-928A54E47E49,G00047,G00047SA210600199,DB618_XANH_S,DB618_XANH_S,1000,1,1,0,379000,495000,0,0,0,0,0,"GMBH665 ",2021-06-21 20:35:28.413,NULL,NULL,0,NULL,,,2022-07-27 10:28:44,2022-07-27 10:28:44
00065DC9-7EDE-47EC-BA55-E321C5D9B9CA,G00013,G00013SA221100135,AC10019_VANG_L,AC10019_VANG_L,1000,1,1,0,520000,650000,0,0,0,0,0,GMBH521,2022-11-11 20:57:17.327,NULL,NULL,0,NULL,1,1,2022-11-11 21:03:35,2022-11-14 23:46:14
000663B4-DEA8-4267-ACCC-39E4FC101045,G00062,G00062SA220100362,QC01011_GHI_XL,QC01011_GHI_XL,1000,1,1,0,365000,365000,0,73000,0,0,0,GMBH119,2022-01-15 15:16:38.327,NULL,NULL,0,NULL,10,10,2022-07-20 19:56:17,2022-07-20 19:56:17
00066B73-B81C-4AE9-BD86-5AF225908F0C,G00067,G00067RE220900043,DC08099_DO_M,DC08099_DO_M,NULL,0,1,0,570000,570000,50,285000,0,0,1,NULL,2022-09-22 19:53:03.810,GMBH664,2022-09-22 19:53:03.810,NULL,NULL,,,2022-09-22 20:03:17,2022-09-25 23:29:20
000677E1-BD14-4107-A0D0-BD5143E91EFE,G00006,G00006SA220600255,QA9250_VANG_S,QA9250_VANG_S,1000,1,1,0,159000,310000,0,0,0,0,0,GMBH332,2022-06-10 12:30:10.603,NULL,NULL,0,NULL,25,25,2022-07-27 10:37:34,2022-07-27 10:37:34
0006907D-CBEC-4806-8F17-A8B2CD3D988C,G00104,G00104SA221000366,QC08104_DEN_S,QC08104_DEN_S,1000,1,1,0,550000,550000,0,110000,0,0,0,GMBH244,2022-10-13 14:19:03.193,NULL,NULL,0,NULL,10,10,2022-10-13 14:23:17,2022-10-16 23:23:13
0006AD62-8A0A-4ABB-845A-78B68F99C8BA,G00019,G00019SA211000751,DB573_XAM_M,DB573_XAM_M,1000,1,1,0,495000,495000,0,247500,0,0,0,GMBH600,2021-10-31 14:55:08.040,NULL,NULL,0,NULL,7,7,2022-07-27 10:31:08,2022-07-27 10:31:08
0006B9D1-AA1C-45D2-8E7E-5E6932C0153A,G00061,G00061SA220800352,AJNC05039_TRANG_M,AJNC05039_TRANG_M,1000,1,1,0,605000,605000,0,181500,0,0,0,GMBH788,2022-08-15 13:56:40.863,NULL,NULL,0,NULL,30,30,2022-08-16 05:03:20,2022-08-18 17:03:31
0006BF12-78F3-48CB-88DA-761EDBD22480,G00041,G00041SA221000558,VC09001_XDEN_M,VC09001_XDEN_M,1000,1,1,0,395000,395000,0,197500,0,0,0,GMBH582,2022-10-29 15:46:15.630,NULL,NULL,0,NULL,2,2,2022-10-29 16:03:19,2022-11-01 23:23:26
0006BFBC-9D3E-4200-BCCE-DB10D50562D9,G00073,G00073SA221000390,DC10080_TRANG_M,DC10080_TRANG_M,1000,1,1,0,575000,575000,0,115000,0,0,0,GMBH531,2022-10-22 14:43:24.257,NULL,NULL,0,NULL,7,7,2022-10-22 15:04:01,2022-10-25 23:03:38
0006BFCD-3493-4869-AA9F-2FB0E3853DD7,G00055,G00055SA220300541,VC03008_DEN_L,VC03008_DEN_L,1000,1,1,0,295000,295000,0,59000,0,0,0,GMBH083,2022-03-20 12:55:57.833,NULL,NULL,0,NULL,2,2,2022-07-27 10:36:28,2022-07-27 10:36:28
0006D77B-6B1A-4B0A-86DB-26AD86C21E38,G00071,G00071SA220900204,ATC08039_TRANG_S,ATC08039_TRANG_S,1000,1,1,0,9000,290000,0,0,0,0,0,GMBH127,2022-09-12 19:41:57.143,NULL,NULL,0,NULL,13,13,2022-09-12 20:03:46,2022-09-15 23:23:19
0006E8B6-AA67-419D-A07E-FCF390530234,G00094,G00094SA220800485,DC08108_DEN_M,DC08108_DEN_M,1000,1,1,0,595000,595000,0,119000,0,0,0,GMBH786,2022-08-26 17:14:32.920,NULL,NULL,0,NULL,7,7,2022-08-26 17:23:20,2022-08-29 23:23:22
0006E8C6-26EB-4C75-886B-A21F9D5A38F1,G00087,G00087SA221200420,DC11035_DEN_L,DC11035_DEN_L,1000,1,1,0,530000,530000,0,106000,0,0,0,GMBH207,2022-12-24 14:23:24.607,NULL,NULL,0,NULL,7,7,2022-12-24 14:46:20,2022-12-27 23:46:17
0006EC09-5DB3-4F13-82BB-8C7BACFFDD7A,G00072,G00072SA211100438,ATNB834_DEN_S,ATNB834_DEN_S,1000,1,1,0,270000,270000,0,108000,0,0,0,GMBH163,2021-11-25 17:56:34.267,NULL,NULL,0,NULL,35,35,2022-07-27 10:33:26,2022-07-27 10:33:26
0006ECDD-0EC1-4AC5-BDD2-CAFCBF97B2DC,G00087,G00087SA221200138,DC12005_DO_S,DC12005_DO_S,1000,1,1,0,550000,550000,0,110000,0,0,0,GMBH207,2022-12-11 12:27:23.313,NULL,NULL,0,NULL,7,7,2022-12-11 15:03:10,2022-12-14 23:46:13
0006EF80-A616-46B6-840F-3FFBAE0121F1,G00085,G00085SA220900450,ATKC08089_VANG_4,ATKC08089_VANG_4,1000,1,1,0,9000,230000,0,0,0,0,0,GMBH288,2022-09-18 10:45:40.133,NULL,NULL,0,NULL,13,13,2022-09-18 14:03:12,2022-09-21 23:23:16
00071A86-CF9E-44C8-B949-E537F89190DB,G00104,G00104RE221200028,ATC08047_HONG_M,ATC08047_HONG_M,NULL,0,1,0,250000,250000,48,120900,0,0,1,NULL,2022-12-11 18:31:18.707,GMBH244,2022-12-11 18:31:18.707,NULL,NULL,,,2022-12-11 20:09:29,2022-12-14 23:46:14
0007253B-623B-4BD8-BCA5-22F39BCEEC05,G00062,G00062RE220800039,QC08111_DEN_XS,QC08111_DEN_XS,NULL,0,1,0,450000,450000,10,45000,0,0,1,NULL,2022-08-23 18:25:05.563,GMBH551,2022-08-23 18:25:05.563,NULL,NULL,,,2022-08-23 18:29:13,2022-08-26 23:29:27
00073512-52A5-4EA4-A529-A06FCC45EA48,G00019,G00019SA220500629,VC05050_DEN_M,VC05050_DEN_M,1000,1,1,0,350000,350000,0,0,0,0,0,GMBH600,2022-05-11 18:53:28.953,NULL,NULL,0,NULL,2,2,2022-07-27 10:37:39,2022-07-27 10:37:39
00073EFC-0CCA-4D12-99AF-8620118D4E92,G00039,G00039SA220200156,VB11014_DEN_XS,VB11014_DEN_XS,1000,1,1,0,295000,295000,0,59000,0,0,0,GMBH058,2022-02-15 19:41:36.990,NULL,NULL,0,NULL,2,2,2022-07-27 10:36:20,2022-07-27 10:36:20
000746D6-F935-4771-B03C-5F81D7453547,G00067,G00067SA211100190,ATKB825_HONG_2,ATKB825_HONG_2,1000,1,1,0,140000,140000,0,56000,0,0,0,GMBH319,2021-11-21 16:33:29.790,NULL,NULL,0,NULL,34,34,2022-07-27 10:33:22,2022-07-27 10:33:22
00075228-557C-4C94-B17D-761E72671B38,G00073,G00073SA211100020,ATB881_HONG_M,ATB881_HONG_M,1000,1,1,0,129000,185000,0,0,0,0,0,GMBH261,2021-11-05 10:23:54.983,NULL,NULL,0,NULL,13,13,2022-07-27 10:33:26,2022-07-27 10:33:26
0007576D-2AA5-4049-A723-9C8CD982D8A1,G00098,G00098SA221100147,DC09044_GACH_XS,DC09044_GACH_XS,1000,1,1,0,550000,550000,0,0,0,0,0,GMBH008,2022-11-10 22:02:43.380,NULL,NULL,0,NULL,7,7,2022-11-10 22:03:56,2022-11-13 23:23:20
000758E2-33EA-4077-BB54-5578AFB13111,G00093,G00093SA211000037,QB617_DEN_S,QB617_DEN_S,1000,1,1,0,350000,350000,0,0,0,0,0,TN03,2021-10-04 19:18:59.377,NULL,NULL,0,NULL,10,10,2022-07-27 10:31:24,2022-07-27 10:31:24
00075CAB-6A63-4CAD-A5C6-74C99BC82F7D,G00015,G00015SA220500474,DC05082_XANH_M,DC05082_XANH_M,1000,1,1,0,379000,595000,0,0,0,0,0,GMBH277,2022-05-28 14:24:22.737,NULL,NULL,0,NULL,7,7,2022-07-27 10:37:38,2022-07-27 10:37:38
00076369-D4A0-4191-8257-4910CF07F311,G00066,G00066SA220600362,ATC04005_TRANG_S,ATC04005_TRANG_S,1000,1,1,0,129000,265000,0,0,0,0,0,GMBH643,2022-06-23 19:41:40.737,NULL,NULL,0,NULL,13,13,2022-07-27 10:38:25,2022-07-27 10:38:25
00077711-870F-4206-821C-339E9778EB95,G00044,G00044SA220800130,VC08009_DEN_S,VC08009_DEN_S,1000,1,1,0,530000,530000,0,53000,0,0,0,BN002,2022-08-06 20:06:43.553,NULL,NULL,0,NULL,2,2,2022-08-06 21:03:19,2022-08-09 23:03:23
00077B7F-3CA7-4352-B495-54AE4BAEA090,G00079,G00079SA220300286,AC03005_XANH_M,AC03005_XANH_M,1000,1,1,0,350000,350000,0,70000,0,0,0,GMBH201,2022-03-17 16:03:27.290,NULL,NULL,0,NULL,1,1,2022-07-27 10:36:43,2022-07-27 10:36:43
00077BF2-F22F-4BB1-9419-A45A482F2DDA,G00031,G00031SA220101345,VB12022_DEN_XS,VB12022_DEN_XS,1000,1,1,0,295000,295000,0,147500,0,0,0,TDM03,2022-01-25 20:19:37.727,NULL,NULL,0,NULL,2,2,2022-07-20 19:56:03,2022-07-20 19:56:03
000782EB-DBED-44AC-9FC1-227DA1697128,G00061,G00061SA221200408,DC12067_HONG_L,DC12067_HONG_L,1000,1,1,0,590000,590000,0,59000,0,0,0,GMBH868,2022-12-24 14:18:43.717,NULL,NULL,0,NULL,7,7,2022-12-24 14:46:21,2022-12-27 23:46:20
00078685-337D-4FD5-AF8B-90B2596D4C61,G00048,G00048SA220700389,ATC08011_XANH_L,ATC08011_XANH_L,1000,1,1,0,250000,250000,0,0,0,0,0,GMBH219,2022-07-30 10:30:28.737,NULL,NULL,0,NULL,13,13,2022-07-30 11:20:36,2022-08-02 23:04:25
00078A8D-7BFD-44A2-8DB1-EC3C92CBA5A8,G00086,G00086SA220400570,AC01042_TRANG_S,AC01042_TRANG_S,1000,1,1,0,220000,220000,0,66000,0,0,0,GMBH235,2022-04-29 19:24:24.107,NULL,NULL,0,NULL,1,1,2022-07-27 10:36:48,2022-07-27 10:36:48
00079C2B-DFC6-481E-BD73-16703CF14CF8,G00083,G00083SA220700427,ATC07037_TRANG_M,ATC07037_TRANG_M,1000,1,1,0,179000,270000,0,0,0,0,0,GMBH068,2022-07-23 10:13:29.900,NULL,NULL,0,NULL,13,13,2022-07-27 10:38:45,2022-07-27 10:38:45
0007AB75-F633-4126-BA48-203329935E4F,G00019,G00019SA211200432,QB778_XANH_XS,QB778_XANH_XS,1000,1,1,0,365000,365000,0,182500,0,0,0,GMBH600,2021-12-12 21:08:43.277,NULL,NULL,0,NULL,10,10,2022-07-27 10:32:58,2022-07-27 10:32:58
0007B2C3-1A87-4F0B-8910-C20331850B31,G00065,G00065SA221000753,DC09035_XANH_M,DC09035_XANH_M,1000,1,1,0,570000,570000,0,114000,0,0,0,GMBH391,2022-10-22 18:47:34.367,NULL,NULL,0,NULL,7,7,2022-10-22 19:23:27,2022-10-25 23:03:38
0007BD0B-D6B1-41CB-88F9-00E957A71DD6,G00030,G00030SA220100023,VB509_TRANG_XS,VB509_TRANG_XS,1000,1,1,0,1250000,1250000,0,625000,0,0,0,BIH09,2022-01-02 09:31:43.460,NULL,NULL,0,NULL,2,2,2022-07-20 19:55:58,2022-07-20 19:55:58
0007C37B-131D-4601-ADC9-0CE81B5966F3,G00044,G00044SA221000132,VC09064_DEN_M,VC09064_DEN_M,1000,1,1,0,200000,350000,0,0,0,0,0,BN002,2022-10-07 19:29:59.767,NULL,NULL,0,NULL,2,2,2022-10-07 20:03:16,2022-10-10 23:34:39
0007C50D-CFC2-4064-8B76-F0A3C5FAC55C,G00033,G00033SA211100080,AB707_KEM_S,AB707_KEM_S,1000,1,1,0,330000,330000,0,99000,0,0,0,DX01,2021-11-08 16:58:30.620,NULL,NULL,0,NULL,1,1,2022-07-27 10:33:05,2022-07-27 10:33:05
0007D90C-6A94-46B0-BDF2-7696972CAFD5,G00094,G00094SA211000166,KHAN04,KHAN04,1000,1,1,0,0,199000,0,0,1,0,0,GMBH554,2021-10-29 13:50:28.700,NULL,NULL,0,NULL,16,16,2022-07-27 10:31:24,2022-07-27 10:31:24
0007DB50-AD26-46FC-9106-D15BA9FE5939,G00006,G00006SA221101063,ATC10048_XANH_S,ATC10048_XANH_S,1000,1,1,0,299000,450000,0,0,0,0,0,GMBH883,2022-11-28 15:15:16.800,NULL,NULL,0,NULL,13,13,2022-11-28 15:46:18,2022-12-01 13:06:27
0007E7FE-B0EC-4E46-89B4-0352E8AFC4DA,G00107,G00107RE221100058,AC10051_DEN_L,AC10051_DEN_L,NULL,0,1,0,385000,385000,10,38500,0,0,1,NULL,2022-11-25 14:10:30.500,GMBH929,2022-11-25 14:10:30.500,NULL,NULL,,,2022-11-25 17:12:19,2022-11-28 23:50:16
0007ECA0-77A7-4904-AD7E-33A30BA66928,G00040,G00040SA221000160,AC08113_XANH_S,AC08113_XANH_S,1000,1,1,0,375000,375000,30,112500,0,0,0,GMBH857,2022-10-09 16:57:46.430,NULL,NULL,0,NULL,1,1,2022-10-09 17:03:16,2022-10-09 17:03:16
0007F180-7396-4792-B78A-3606A6AB867A,G00067,G00067SA220800128,DC08030_XDEN_XL,DC08030_XDEN_XL,1000,1,1,0,550000,550000,0,110000,0,0,0,GMBH664,2022-08-05 12:17:05.903,NULL,NULL,0,NULL,7,7,2022-08-05 14:03:13,2022-08-08 23:03:15
0007FAF3-3347-4F40-8B9E-02FD04B56E14,G00067,G00067SA211200083,AB638_TRANG_M,AB638_TRANG_M,1000,1,1,0,385000,385000,0,192500,0,0,0,GMBH664,2021-12-09 10:07:48.440,NULL,NULL,0,NULL,1,1,2022-07-27 10:33:23,2022-07-27 10:33:23
0007FC2F-25AB-4613-B833-6505CC282628,G00019,G00019SA220601393,DC06049_XANH_S,DC06049_XANH_S,1000,1,1,0,550000,550000,0,110000,0,0,0,GMBH600,2022-06-22 18:20:49.050,NULL,NULL,0,NULL,7,7,2022-07-27 10:37:40,2022-07-27 10:37:40
0007FD98-366F-4D61-9972-07CA98CB1D67,G00066,G00066SA220600272,ATC05025_BE_M,ATC05025_BE_M,1000,1,1,0,129000,265000,0,0,0,0,0,GMBH513,2022-06-18 14:43:53.140,NULL,NULL,0,NULL,13,13,2022-07-27 10:38:25,2022-07-27 10:38:25
0007FFFA-92DA-4DD5-9639-61600E1329E3,G00038,G00038SA211200631,DB761_HONG_XL,DB761_HONG_XL,1000,1,1,0,249000,480000,0,0,0,0,0,"GMBH141 ",2021-12-25 17:29:01.793,NULL,NULL,0,NULL,7,7,2022-07-27 10:33:09,2022-07-27 10:33:09
00080C1F-C7C4-4D31-9338-82C2B5AB35B7,G00082,G00082SA220200417,AB658_TRANG_L,AB658_TRANG_L,1000,1,1,0,320000,320000,0,160000,0,0,0,GMBH099,2022-02-14 13:05:50.243,NULL,NULL,0,NULL,1,1,2022-07-27 10:36:43,2022-07-27 10:36:43
0008275E-64C9-4E93-908C-526FD9F4429F,G00087,G00087SA220700387,AC07030_TRANG_XL,AC07030_TRANG_XL,1000,1,1,0,395000,395000,0,0,0,0,0,GMBH207,2022-07-21 12:06:50.697,NULL,NULL,0,NULL,1,1,2022-07-27 10:38:46,2022-07-27 10:38:46
00085BE7-1F4D-417F-8C21-0B8F277C3353,G00006,G00006SA221200425,DC11069_DEN_M,DC11069_DEN_M,1000,1,1,0,550000,550000,0,110000,0,0,0,GMBH883,2022-12-17 20:26:03.160,NULL,NULL,0,NULL,7,7,2022-12-17 20:46:19,2022-12-20 23:09:24
000865E4-7200-42F1-8BA1-7E23204482CC,G00063,G00063SA220800452,ATC05002_TRANG_M,ATC05002_TRANG_M,1000,1,1,0,77000,195000,0,0,0,0,0,GMBH179,2022-08-10 20:12:05.343,NULL,NULL,0,NULL,13,13,2022-08-10 21:03:18,2022-08-13 23:03:32
00086F1D-1FB0-4EBC-AF46-A438E3F0ED09,G00063,G00063SA211200043,QB12008_DEN_S,QB12008_DEN_S,1000,1,1,0,350000,350000,0,0,0,0,0,GMBH179,2021-12-02 18:11:27.637,NULL,NULL,0,NULL,10,10,2022-07-27 10:33:22,2022-07-27 10:33:22
000875B3-EABB-4EB3-8B5E-38F5DA2798BC,G00019,G00019SA221101001,QC09003_DEN_L,QC09003_DEN_L,1000,1,1,0,530000,530000,0,53000,0,0,0,GMBH600,2022-11-17 21:11:21.483,NULL,NULL,0,NULL,10,10,2022-11-17 21:46:19,2022-11-20 23:46:25
00087F96-1393-4EA3-9DFF-A1A099170EF2,G00104,G00104SA220600723,AC05005_KEM_XS,AC05005_KEM_XS,1000,1,1,0,375000,375000,0,0,0,0,0,GMBH244,2022-06-25 12:37:32.330,NULL,NULL,0,NULL,1,1,2022-07-27 10:38:54,2022-07-27 10:38:54
000898A9-C662-423E-8C87-70951AB18816,G00086,G00086SA220700337,QC07009_DEN_S,QC07009_DEN_S,1000,1,1,0,349000,450000,0,0,0,0,0,GMBH805,2022-07-17 19:40:01.043,NULL,NULL,0,NULL,10,10,2022-07-27 10:38:46,2022-07-27 10:38:46
00089CB7-234E-429C-B42B-B0402A938209,G00086,G00086SA220500088,ATC04025_TIM_S,ATC04025_TIM_S,1000,1,1,0,129000,220000,0,0,0,0,0,GMBH235,2022-05-06 14:32:12.457,NULL,NULL,0,NULL,13,13,2022-07-27 10:38:41,2022-07-27 10:38:41
0008A593-D31F-4A79-BC92-B8B8CF722EBC,G00083,G00083SA211200212,ATKB824_TRANG_4,ATKB824_TRANG_4,1000,1,1,0,49000,140000,0,0,0,0,0,GMBH605,2021-12-19 10:48:53.787,NULL,NULL,0,NULL,34,34,2022-07-27 10:33:28,2022-07-27 10:33:28
0008B630-C3FD-49EC-83BE-6BA366BBC0A7,G00048,G00048SA220800043,ATC05068_DEN_S,ATC05068_DEN_S,1000,1,1,0,127000,295000,0,0,0,0,0,GMBH219,2022-08-05 14:06:09.553,NULL,NULL,0,NULL,13,13,2022-08-05 15:03:14,2022-08-08 23:03:15
0008B6A2-DDFC-428B-B270-02AC26A61771,G00062,G00062SA220800047,ATKC05074_HONG_3,ATKC05074_HONG_3,1000,1,1,0,77000,195000,0,0,0,0,0,GMBH239,2022-08-04 16:23:17.527,NULL,NULL,0,NULL,13,13,2022-08-04 17:03:17,2022-08-07 23:03:13
0008B6C7-1731-4F74-9890-0EDF2DCD6C92,G00019,G00019SA220103412,VB11012_NAU_S,VB11012_NAU_S,1000,1,1,0,295000,295000,0,147500,0,0,0,GMBH600,2022-01-23 12:36:32.857,NULL,NULL,0,NULL,2,2,2022-07-20 19:56:04,2022-07-20 19:56:04
0008B8E3-E54E-4747-9AA0-454D981A2A18,G00087,G00087SA220100753,QC01011_DEN_S,QC01011_DEN_S,1000,1,1,0,365000,365000,0,73000,0,0,0,GMBH209,2022-01-26 15:39:38.760,NULL,NULL,0,NULL,10,10,2022-07-20 19:56:39,2022-07-20 19:56:39
0008CFF6-9494-410C-A48B-962D70710045,G00015,G00015SA210900043,DB693_HONG_S,DB693_HONG_S,1000,1,1,0,450000,450000,0,225000,0,0,0,GMBH278,2021-09-13 16:46:31.997,NULL,NULL,0,NULL,7,7,2022-07-27 10:31:01,2022-07-27 10:31:01
0008E457-F280-4519-9609-DDA72236DC32,G00039,G00039SA220200147,QC01011_DEN_S,QC01011_DEN_S,1000,1,1,0,365000,365000,0,73000,0,0,0,GMBH058,2022-02-15 09:54:26.417,NULL,NULL,0,NULL,10,10,2022-07-27 10:36:20,2022-07-27 10:36:20
0008F93D-A483-498D-978B-9C6D00D6AD57,G00006,G00006SA220100278,QJB5207_XANH_S,QJB5207_XANH_S,1000,1,1,0,229000,496000,0,0,0,0,0,GMBH244,2022-01-07 11:44:34.733,NULL,NULL,0,NULL,33,33,2022-07-20 19:55:48,2022-07-20 19:55:48
0008FCAD-5AA4-4F2A-A996-69227E1A6B0D,G00079,G00079SA220700103,TC06053_BE_FREE,TC06053_BE_FREE,1000,1,1,0,0,35000,0,0,1,0,0,GMBH475,2022-07-06 17:56:20.570,NULL,NULL,0,NULL,4,4,2022-07-27 10:38:33,2022-07-27 10:38:33
0008FDE2-EEAC-482D-98AD-AB465932A33D,G00049,G00049SA220800125,ATC08052_VANG_S,ATC08052_VANG_S,1000,1,1,0,147000,320000,0,0,0,0,0,GMBH575,2022-08-05 21:25:05.600,NULL,NULL,0,NULL,13,13,2022-08-05 22:03:18,2022-08-08 23:03:15
00091365-7A99-4E01-AD5F-F7F6E38B65D6,G00070,G00070SA220100857,AA10213_TRANG_XL,AA10213_TRANG_XL,1000,1,1,0,159000,320000,0,0,0,0,0,GMBH389,2022-01-18 21:32:20.037,NULL,NULL,0,NULL,1,1,2022-07-20 19:56:25,2022-07-20 19:56:25
000914B3-C44A-48ED-97BD-AB1CA81E8865,G00073,G00073SA220100055,AB366_XAM_XL,AB366_XAM_XL,1000,1,1,0,129000,285000,0,0,0,0,0,GMBH261,2022-01-03 12:07:24.343,NULL,NULL,0,NULL,47,47,2022-07-20 19:56:28,2022-07-20 19:56:28
00093005-1436-4E2D-9B27-F9CB3226AF1D,G00070,G00070SA220800290,AC05081_XANH_L,AC05081_XANH_L,1000,1,1,0,262500,375000,0,0,0,0,0,GMBH787,2022-08-08 12:06:43.130,NULL,NULL,0,NULL,1,1,2022-08-08 13:03:22,2022-08-11 23:03:13
0009392A-67F3-4559-9165-79E90875A06B,G00065,G00065SA221000539,ATC08004_DEN_S,ATC08004_DEN_S,1000,1,1,0,199000,389000,0,0,0,0,0,GMBH391,2022-10-18 14:11:34.980,NULL,NULL,0,NULL,13,13,2022-10-18 14:23:19,2022-10-21 23:23:56
00093E10-2996-4AEB-84D2-733DBA75E875,G00013,G00013SA220100258,TB12040_DEN_FREE,TB12040_DEN_FREE,1000,1,1,0,0,35000,0,0,1,0,0,GMBH367,2022-01-10 09:54:03.927,NULL,NULL,0,NULL,4,4,2022-07-20 19:55:49,2022-07-20 19:55:49
0009515A-4FBB-491D-B9F5-A260C2BB49BE,G00066,G00066SA221100370,AC10089_XREU_FREE,AC10089_XREU_FREE,1000,1,1,0,395000,395000,30,118500,0,0,0,GMBH828,2022-11-21 13:59:49.853,NULL,NULL,0,NULL,12,12,2022-11-21 14:06:18,2022-11-21 14:06:18
00096486-08CA-489D-A4C8-6742857D25DD,G00098,G00098SA220900262,ATC07036_BE_M,ATC07036_BE_M,1000,1,1,0,99000,250000,0,0,0,0,0,GMBH008,2022-09-18 15:02:00.210,NULL,NULL,0,NULL,13,13,2022-09-18 15:03:14,2022-09-18 15:03:14
000966CA-B695-4858-82E0-2F8A7FE3F77B,G00038,G00038SA220100259,DB745_VANG_L,DB745_VANG_L,1000,1,1,0,520000,520000,0,260000,0,0,0,"GMBH141 ",2022-01-08 16:46:35.017,NULL,NULL,0,NULL,7,7,2022-07-20 19:56:04,2022-07-20 19:56:04
000968CD-D10F-497C-B07F-08748A2DDA9C,G00055,G00055SA220400662,ATC01032_HONG_S,ATC01032_HONG_S,1000,1,1,0,129000,275000,0,0,0,0,0,GMBH083,2022-04-27 16:19:02.717,NULL,NULL,0,NULL,13,13,2022-07-27 10:36:27,2022-07-27 10:36:27
00096FE3-68A9-42E6-8A13-6D8EB128F6FA,G00030,G00030SA220100484,DB918_XANH_XS,DB918_XANH_XS,1000,1,1,0,495000,495000,0,247500,0,0,0,BIH08,2022-01-17 18:43:04.220,NULL,NULL,0,NULL,24,24,2022-07-20 19:56:01,2022-07-20 19:56:01
00097539-9CFD-4702-BAF2-B107D2AB434D,G00021,G00021SA211200138,ATKB12033_CAM_3,ATKB12033_CAM_3,1000,1,2,0,129000,175000,0,0,0,0,0,LH01,2021-12-17 09:49:34.847,NULL,NULL,0,NULL,13,13,2022-07-27 10:32:58,2022-07-27 10:32:58
0009755A-1377-4AEA-8027-1A5949CF3B80,G00010,G00010SA220100060,DB645_TRANG_M,DB645_TRANG_M,1000,1,1,0,550000,550000,0,275000,0,0,0,GMBH695,2022-01-15 13:10:30.350,NULL,NULL,0,NULL,27,27,2022-07-20 19:55:48,2022-07-20 19:55:48
00098044-16E7-4936-9427-1B76D0A09546,G00070,G00070SA211000135,DB569_DEN_L,DB569_DEN_L,1000,1,1,0,250000,250000,0,125000,0,0,0,GMBH389,2021-10-17 10:07:02.577,NULL,NULL,0,NULL,7,7,2022-07-27 10:31:19,2022-07-27 10:31:19
0009B25B-F57D-4E26-BA24-D59C706B001A,G00049,G00049SA220300029,DC03039_XAM_L,DC03039_XAM_L,1000,1,1,0,480000,480000,0,96000,0,0,0,GMBH373,2022-03-06 09:26:56.600,NULL,NULL,0,NULL,7,7,2022-07-27 10:36:24,2022-07-27 10:36:24
0009CFCF-EADC-48A5-B778-CDA7FC8E1223,G00030,G00030SA220800411,DC07057_DO_XL,DC07057_DO_XL,1000,1,1,0,595000,595000,20,119000,0,0,0,BIH04,2022-08-19 20:21:30.770,NULL,NULL,0,NULL,7,7,2022-08-19 20:23:17,2022-08-19 20:23:17
0009DF45-C7BB-48CC-954F-F21875EAE997,G00082,G00082SA211000175,VB672_DEN_M,VB672_DEN_M,1000,1,1,0,295000,295000,0,88500,0,0,0,GMBH099,2021-10-16 19:56:08.340,NULL,NULL,0,NULL,2,2,2022-07-27 10:31:20,2022-07-27 10:31:20
0009E364-0E7A-4EBA-84F7-01A8E7671175,G00086,G00086SA220500529,ATC05036_XDEN_S,ATC05036_XDEN_S,1000,1,1,0,195000,195000,0,97500,0,0,0,GMBH235,2022-05-28 15:10:31.277,NULL,NULL,0,NULL,13,13,2022-07-27 10:38:42,2022-07-27 10:38:42
0009E709-67CE-48B3-8B19-B9DF5D12E53B,G00082,G00082SA221100361,DC08069_VANG_XS,DC08069_VANG_XS,1000,1,1,0,199000,495000,0,0,0,0,0,GMBH928,2022-11-11 12:50:12.557,NULL,NULL,0,NULL,7,7,2022-11-11 13:03:25,2022-11-14 23:46:14
0009F9FA-276B-4757-ADAF-DB9D74BAB831,G00085,G00085SA220900070,ATC08016_XANH_L,ATC08016_XANH_L,1000,1,1,0,147000,250000,0,0,0,0,0,GMBH285,2022-09-02 14:03:16.677,NULL,NULL,0,NULL,13,13,2022-09-02 15:03:20,2022-09-05 23:23:18
000A0B04-A63F-43EA-9676-57976881AC86,G00039,G00039SA220500160,VC04049_DEN_M,VC04049_DEN_M,1000,1,1,0,295000,295000,0,0,0,0,0,GMBH058,2022-05-12 20:17:46.910,NULL,NULL,0,NULL,2,2,2022-07-27 10:37:55,2022-07-27 10:37:55
000A1B28-771F-4F76-BA40-1DB2DBE3F3A1,G00073,G00073SA210600194,QB5132_BE_S,QB5132_BE_S,1000,1,1,0,269000,365000,0,0,0,0,0,GMBH261,2021-06-30 16:39:50.763,NULL,NULL,0,NULL,0,,2022-07-27 10:28:49,2022-07-27 10:28:49
000A1EEF-EFB0-47BA-B625-7035EBDD2264,G00079,G00079RE220100056,AB537_VANG_FREE,AB537_VANG_FREE,NULL,0,1,0,285000,285000,50,142500,0,0,0,NULL,2022-01-21 19:45:37.423,GMBH201,2022-01-21 19:45:37.423,NULL,NULL,,,2022-07-20 19:56:28,2022-07-20 19:56:28
000A3B2A-EA10-43CD-92D4-035BCD48B601,G00082,G00082SA211101090,DA875_HONG_XS,DA875_HONG_XS,1000,1,1,0,520000,520000,0,364000,0,0,0,GMBH099,2021-11-28 11:21:31.770,NULL,NULL,0,NULL,24,24,2022-07-27 10:33:28,2022-07-27 10:33:28
000A4103-EC9B-49C3-8031-EBF659C6B7AD,G00030,G00030SA220800542,AC06017_HONG_S,AC06017_HONG_S,1000,1,1,0,350000,350000,50,175000,0,0,0,BIH04,2022-08-28 13:02:00.953,NULL,NULL,0,NULL,1,1,2022-08-28 13:03:23,2022-08-28 13:03:23
000A4621-D057-49A6-9B54-B3C1DFCE8A71,G00108,G00108SA221000127,DVC08118_DO_M,DVC08118_DO_M,5000,1,1,0,850000,850000,20,170000,0,0,0,GMBH719,2022-10-05 20:22:55.023,NULL,NULL,0,NULL,7,7,2022-10-05 20:23:14,2022-10-05 20:23:14
000A532A-55BE-4359-8BE6-B982FE318ABE,G00108,G00108SA210900155,ATB343_XANH_S,ATB343_XANH_S,5000,1,1,0,89000,140000,0,0,0,0,0,BHB041,2021-09-19 15:20:17.140,NULL,NULL,0,NULL,47,47,2022-07-27 10:31:24,2022-07-27 10:31:24
000A61DD-3174-4849-A5EA-05F33EF9FF08,G00010,G00010SA220100093,DB927_VANG_XL,DB927_VANG_XL,1000,1,1,0,480000,480000,0,240000,0,0,0,GMBH620,2022-01-19 17:13:14.540,NULL,NULL,0,NULL,24,24,2022-07-20 19:55:48,2022-07-20 19:55:48
000A6846-560F-4B57-A1C5-1FD16343535D,G00067,G00067SA220900545,VC07054_XDEN_L,VC07054_XDEN_L,1000,1,1,0,395000,395000,0,197500,0,0,0,GMBH751,2022-09-23 21:38:08.703,NULL,NULL,0,NULL,2,2,2022-09-23 22:03:36,2022-09-26 23:23:17
000A69E9-4DD0-43E2-911F-012D092DC604,G00038,G00038SA211200097,ATB827_HONG_L,ATB827_HONG_L,1000,1,1,0,185000,185000,50,92500,0,0,0,GMBH095,2021-12-08 17:59:02.027,NULL,NULL,0,NULL,36,36,2022-07-27 10:33:10,2022-07-27 10:33:10
000A6CFC-848E-4D6E-83D0-8CD06BD01301,G00044,G00044SA220900630,AC08113_XANH_S,AC08113_XANH_S,1000,1,1,0,249000,375000,0,0,0,0,0,BN002,2022-09-24 15:23:11.353,NULL,NULL,0,NULL,1,1,2022-09-24 15:23:15,2022-09-27 23:03:13
000A7CA2-8F6B-4181-9AC1-25A09577E333,G00071,G00071SA211200366,VB855_KEM_M,VB855_KEM_M,1000,1,1,0,169000,285000,0,0,0,0,0,GMBH127,2021-12-22 17:32:56.707,NULL,NULL,0,NULL,2,2,2022-07-27 10:33:25,2022-07-27 10:33:25
000A8D60-951A-4F1E-ACBD-E4781915589E,G00026,G00026SA220600403,AC05004_NUDE_S,AC05004_NUDE_S,1000,1,1,0,375000,375000,0,0,0,0,0,BG003,2022-06-26 16:12:06.617,NULL,NULL,0,NULL,1,1,2022-07-27 10:37:47,2022-07-27 10:37:47
000AA0E2-3F39-41DF-98D0-3D7F5F66D8A2,G00026,G00026SA220900189,DC07034_TIM_M,DC07034_TIM_M,1000,1,1,0,495000,495000,50,247500,0,0,0,BG003,2022-09-11 09:00:41.407,NULL,NULL,0,NULL,7,7,2022-09-11 09:03:12,2022-09-11 09:03:12
000AD2B3-06B5-48FB-AC3A-9C3C794656E4,G00066,G00066SA221000558,ATC08004_NAU_M,ATC08004_NAU_M,1000,1,1,0,389000,389000,0,194500,0,0,0,GMBH513,2022-10-30 14:35:07.373,NULL,NULL,0,NULL,13,13,2022-10-30 15:03:36,2022-11-02 23:23:20
000AE1C5-8809-4658-8E96-4CDFF05B4638,G00107,G00107SA221000839,DC06010_XDEN_M,DC06010_XDEN_M,5000,1,1,0,495000,495000,0,247500,0,0,0,BHB050,2022-10-31 13:28:40.027,NULL,NULL,0,NULL,7,7,2022-10-31 14:03:30,2022-11-03 23:23:15
000AF2FB-9CB7-4B2E-958A-36820D2A4DE7,G00062,G00062SA220700116,ATC05007_VANG_S,ATC05007_VANG_S,1000,1,1,0,99000,260000,0,0,0,0,0,GMBH122,2022-07-07 16:10:35.453,NULL,NULL,0,NULL,13,13,2022-07-27 10:38:22,2022-07-27 10:38:22
000AF4BE-C52C-4714-B83E-79AA0D55F4AE,G00094,G00094RE221200022,VC07024_XDEN_S,VC07024_XDEN_S,NULL,0,1,0,310000,310000,30,93000,0,0,1,NULL,2022-12-18 10:33:51.963,GMBH786,2022-12-18 10:33:51.963,NULL,NULL,,,2022-12-18 10:46:16,2022-12-21 23:46:13
000AF643-AFF1-4EA7-9D92-98AB99981562,G00007,G00007SA220100105,TB12040_TRANG_FREE,TB12040_TRANG_FREE,1000,1,1,0,0,35000,0,0,1,0,0,DAH01,2022-01-09 17:05:28.353,NULL,NULL,0,NULL,4,4,2022-07-20 19:55:47,2022-07-20 19:55:47
000B0F84-DE95-4AB6-8343-5C8219A14341,G00110,G00110SA221000242,ATC08135_NAU_S,ATC08135_NAU_S,1000,1,1,0,149000,250000,0,0,0,0,0,GMBH865,2022-10-13 12:12:12.167,NULL,NULL,0,NULL,13,13,2022-10-13 12:23:16,2022-10-16 23:23:14
000B13D8-FD48-4782-B286-D51D02E84E5A,G00063,G00063SA221200148,QC10027_XAM_S,QC10027_XAM_S,1000,1,1,0,429000,485000,0,0,0,0,0,GMBH179,2022-12-07 21:28:52.647,NULL,NULL,0,NULL,10,10,2022-12-07 21:46:13,2022-12-10 23:46:17
000B1494-3793-49EF-A03C-26B9802D5714,G00063,G00063SA221000083,ATC08010_TRANG_S,ATC08010_TRANG_S,1000,1,1,0,250000,250000,0,125000,0,0,0,GMBH179,2022-10-02 19:37:13.993,NULL,NULL,0,NULL,13,13,2022-10-02 20:03:23,2022-10-05 23:23:18
000B1D52-DDE1-4CE7-A012-BAEFDB076790,G00062,G00062SA220500049,QC03042_DEN_S,QC03042_DEN_S,1000,1,1,0,395000,395000,0,39500,0,0,0,GMBH119,2022-05-04 16:15:01.163,NULL,NULL,0,NULL,10,10,2022-07-27 10:38:17,2022-07-27 10:38:17
000B1D8C-C9A5-47E9-9E1B-1B6D55DEB0A3,G00015,G00015RE220900030,AC08034_TRANG_S,AC08034_TRANG_S,NULL,0,1,0,375000,375000,50,187500,0,0,0,NULL,2022-09-24 16:41:36.900,GMBH278,2022-09-24 16:41:36.900,NULL,NULL,,,2022-09-24 17:03:12,2022-09-27 23:29:19
000B231E-85A0-458E-9DE0-C4967E7F5998,G00093,G00093SA210800091,DB742_DEN_L,DB742_DEN_L,1000,1,1,0,495000,495000,0,173250,0,0,0,TN03,2021-08-09 18:20:25.743,NULL,NULL,0,NULL,7,7,2022-07-27 10:31:22,2022-07-27 10:31:22
000B23FE-888C-43C8-AEC9-63EB2E8E656C,G00039,G00039SA220300214,QC01008_NAU_XS,QC01008_NAU_XS,1000,1,1,0,395000,395000,0,118500,0,0,0,GMBH058,2022-03-18 10:53:22.090,NULL,NULL,0,NULL,10,10,2022-07-27 10:36:21,2022-07-27 10:36:21
000B2AEE-DD15-477B-AB6D-4B51A83765A0,G00047,G00047SA220400565,DB12038_DEN_S,DB12038_DEN_S,1000,1,1,0,480000,480000,0,240000,0,0,0,GMBH779,2022-04-30 15:54:54.300,NULL,NULL,0,NULL,24,24,2022-07-27 10:36:27,2022-07-27 10:36:27
000B493C-EF4F-4FA9-8243-89101D3E34D5,G00070,G00070SA211200974,DB713_NAU_XL,DB713_NAU_XL,1000,1,1,0,249000,480000,0,0,0,0,0,GMBH389,2021-12-31 18:07:52.333,NULL,NULL,0,NULL,7,7,2022-07-27 10:33:29,2022-07-27 10:33:29
000B5FAA-DA6D-47BC-A117-E1FB5960F4B7,G00109,G00109SA221200629,AC11072_BE_FREE,AC11072_BE_FREE,1000,1,1,0,550000,550000,40,220000,0,0,0,GMBH846,2022-12-25 17:36:07.113,NULL,NULL,0,NULL,12,12,2022-12-25 17:46:17,2022-12-25 17:46:17
000B7637-A7E0-4F28-8AFE-BB59EB069100,G00086,G00086SA221000072,AC07028_DO_L,AC07028_DO_L,1000,1,1,0,249000,350000,0,0,0,0,0,GMBH235,2022-10-06 16:40:27.310,NULL,NULL,0,NULL,1,1,2022-10-06 17:03:15,2022-10-06 17:23:11
000B97A6-118A-44B7-A80E-891F33688709,G00063,G00063SA221200384,AB504_DEN_L,AB504_DEN_L,1000,1,1,0,650000,650000,50,325000,0,0,0,GMBH179,2022-12-15 20:23:54.717,NULL,NULL,0,NULL,1,1,2022-12-15 20:46:18,2022-12-18 23:08:22
000BAD44-BF64-46EC-B0EE-66D2431CE35B,G00108,G00108SA210800135,ATNB799_XANH_M,ATNB799_XANH_M,5000,1,1,0,249000,395000,0,0,0,0,0,BHB041,2021-08-15 16:45:44.630,NULL,NULL,0,NULL,35,35,2022-07-27 10:31:23,2022-07-27 10:31:23
000BBA72-4E63-4452-8D56-50AD630142E7,G00066,G00066SA220800214,DC08031_XANH_XS,DC08031_XANH_XS,1000,1,1,0,277000,495000,0,0,0,0,0,GMBH513,2022-08-08 17:48:00.367,NULL,NULL,0,NULL,7,7,2022-08-08 18:03:38,2022-08-11 23:03:14
000BC170-FAC8-4EE7-BF4F-BDD468142DE9,G00070,G00070SA211100611,ATB683_TRANG_FREE,ATB683_TRANG_FREE,1000,1,2,0,129000,290000,0,0,0,0,0,GMBH192,2021-11-27 13:12:37.197,NULL,NULL,0,NULL,13,13,2022-07-27 10:33:26,2022-07-27 10:33:26
000BC803-F33A-4325-8451-70C6277E602F,G00086,G00086SA220700452,DC06072_XANH_S,DC06072_XANH_S,1000,1,1,0,495000,495000,0,247500,0,0,0,GMBH803,2022-07-24 18:23:50.243,NULL,NULL,0,NULL,7,7,2022-07-27 10:38:44,2022-07-27 16:33:19
000BD17C-AF23-4D99-8135-B0B7F8125789,G00107,G00107SA221100298,VC07042_DEN_L,VC07042_DEN_L,5000,1,1,0,199000,330000,0,0,0,0,0,BHB050,2022-11-13 11:33:16.680,NULL,NULL,0,NULL,2,2,2022-11-13 12:03:20,2022-11-16 23:46:17
000BD6A3-909D-4726-97B9-092433CBFBFD,G00086,G00086SA220800333,ATC08135_DEN_L,ATC08135_DEN_L,1000,1,1,0,147000,250000,0,0,0,0,0,GMBH803,2022-08-14 20:53:34.517,NULL,NULL,0,NULL,13,13,2022-08-14 21:03:20,2022-08-17 23:03:16
000C0215-A40E-4D07-9C9F-E9AAF74BB2AA,G00047,G00047SA220101128,AB755_NAU_XL,AB755_NAU_XL,1000,1,1,0,320000,320000,0,160000,0,0,0,GMBH436,2022-01-20 20:21:51.753,NULL,NULL,0,NULL,1,1,2022-07-20 19:56:13,2022-07-20 19:56:13
000C14FF-4187-4450-B7A0-10C0FAED1D36,G00026,G00026SA220300209,ATNB848_DEN_L,ATNB848_DEN_L,1000,1,1,0,265000,265000,0,132500,0,0,0,BG003,2022-03-20 10:27:03.690,NULL,NULL,0,NULL,35,35,2022-07-27 10:36:18,2022-07-27 10:36:18
000C218D-BE66-43E5-B835-CFB5FCFD76B8,G00072,G00072SA220800385,DC07012_XAM_XL,DC07012_XAM_XL,1000,1,1,0,277000,495000,0,0,0,0,0,GMBH163,2022-08-10 11:06:55.060,NULL,NULL,0,NULL,7,7,2022-08-10 12:03:26,2022-08-13 23:03:31
000C2F7A-8C00-4CBC-9C6C-6F01B0242DB7,G00038,G00038SA220101011,DB697_DEN_M,DB697_DEN_M,1000,1,1,0,169000,450000,0,0,0,0,0,GMBH095,2022-01-24 12:05:03.613,NULL,NULL,0,NULL,7,7,2022-07-20 19:56:08,2022-07-20 19:56:08